,source,title,excerpt,vader_sentiment_title,tb_sentiment_title,flair_sentiment_title,vader_sentiment_excerpt,tb_sentiment_excerpt,flair_sentiment_excerpt,date
0,crypto.news,Altcoin Watch: ETH and XRP Expected to Rise Despite Market Slide,"Cryptocurrencies’ price decline continued on Friday, as the Federal Reserve raised interest rates for the second time in less than a week. Bitcoin, which is the world’s largest digital currency, lost more than 1% to around $20,933. Other digital coins… (Read More...)",50.0,45.0,98.02712500095367,58.894999999999996,55.05952380952381,0.012227892875671387,2022-06-19
1,Feed - Cryptopotato.Com,Switzerland’s SIX Digital Exchange Postpones Crypto Services Launch Amid Market Sell-off (Report),"Switzerland’s principal stock exchange, SIX Swiss Exchange, postponed the launch of its institutional crypto services following the market crisis. (Read More...)",36.34,50.0,2.394920587539673,14.52,62.5,0.33347904682159424,2022-06-19
2,Cointelegraph,What is a bear trap in trading and how to avoid it?,"Intended to convince market participants of a price correction, bear traps are orchestrated by entities with large holdings to make quick profits. (Read More...)",22.884999999999998,50.0,0.008991360664367676,79.97000000000001,67.46031746031746,0.29591619968414307,2022-06-19
3,crypto.news,The TRON Grand Hackathon 2022 Announces First List of New Partners Joining the  Permanent Judging Panel for Season 2,"Geneva, Switzerland / June 16 / – TRON DAO and BitTorrent Chain (BTTC) are thrilled to announce Mirana, Binance Custody, FalconX, Bittrex Global, APENFT Marketplace, Voxels, Tacen, Ankr, Velas, SwissBorg Ventures, and the lead author of the ERC-721 Standard, William… (Read More...)",72.94,64.77272727272727,99.88877475261688,72.02,63.74999999999999,99.49866533279419,2022-06-19
4,The Daily Hodl,"Billionaire CEO of $122,000,000,000 Asset Manager Predicts Bitcoin (BTC) Could Crash by Another 50%","Billionaire “Bond King” Jeffrey Gundlach believes Bitcoin (BTC) will plummet further despite having already fallen by about 70% from its all-time high. In a new CNBC interview, the CEO of asset management firm DoubleLine Capital says he wouldn’t be “surprised at all” if the flagship crypto asset ... (Read More...)",47.42,50.0,5.591294169425964,87.935,55.8030303030303,0.019475817680358887,2022-06-19
5,Bitcoin.com,Blackrock’s CIO: Bitcoin and Crypto Are Durable Assets — Prices Will Move Higher,"The chief investment officer of global fixed income at Blackrock, the world’s largest asset manager, says bitcoin and crypto are durable assets. “I think there’s a healthy recalibration going on,” he said, noting that “if you look two to three years hence, they will be higher than today.” Blackro... (Read More...)",58.894999999999996,62.5,98.59319925308228,85.48,63.5,99.25056397914886,2022-06-19
6,AMBCrypto,Bitcoin’s street cred in the face of a bear market has been pretty…,"The crypto bears have been in full swing recently without any respite. All major cryptocurrencies are resting in red with the stablecoin massacre now raining over MIM [Magic Internet Money]. UST has vanished, USDD and USDT are struggling underwater. This has increased a lot of pressure on the cry... (Read More...)",50.0,50.0,1.0680586099624634,27.98,61.77083333333333,20.386719703674316,2022-06-19
7,Bitcoin Magazine,"Bitcoin Falls Below $18,000 After Breaching The 2017 High","Bitcoin extended losses below $18,000 after it breached a prior cycle’s all-time high for the first time in its history. (Read More...)",50.0,57.99999999999999,0.016486644744873047,29.905000000000005,61.375,0.45779645442962646,2022-06-19
8,Decrypt,"Bitcoin Falls Below $18,000, Ethereum Under $900 as Selloff Intensifies","After BTC and ETH dropped below key support levels of $20,000 and $1,000 on Saturday morning, the selloff intensified as HODLers await the bottom. (Read More...)",50.0,50.0,0.01932084560394287,73.83500000000001,62.5,0.4580944776535034,2022-06-19
9,BeInCrypto,Spanish Airline Vueling Becomes BitPay’s Latest Conquest,"Vueling, a member of the International Consolidated Airlines Group, signed an agreement with BitPay to allow customers to pay for flights using crypto. (Read More...)",50.0,62.5,4.681512713432312,78.595,62.5,0.21419823169708252,2022-06-19
10,CryptoPotato,Spanish Airline Giant Vueling Embraces Crypto as a Payment Method,Vueling is set to accept 13 digital assets as a form of payment from the beginning of next year. (Read More...),50.0,50.0,97.42392301559448,75.53,58.333333333333336,96.33892178535461,2022-06-19
11,AMBCrypto,Decoding if ApeCoin can recover its 45% descent ahead of ApeFest,"ApeCoin, the native token of Bored Ape Yacht Club (BAYC) is currently nothing more than a fantasy since it serves no use case apart from being a governance token. Despite that, it has somehow managed to bring losses to more than 98% of its investors in less than four months since its launch. Retu... (Read More...)",50.0,50.0,0.3928542137145996,14.079999999999998,56.94444444444444,0.0018596649169921875,2022-06-19
12,Cointelegraph,"Crypto prices continue to tank, lawsuit takes aim at Binance.US, and Celsius moves $320M worth of digital assets: Hodler’s Digest, June 12-18",(Read More...),58.894999999999996,57.49999999999999,0.8297383785247803,50.0,75.0,96.50535881519318,2022-06-19
13,Bitcoin.com,The 2 Most Common Airdrop Phishing Attacks and How Web3 Wallet Owners Can Stay Protected,"In the world of cryptocurrencies, decentralized finance (defi), and Web3, airdrops have become commonplace in the industry. However, while airdrops sound like free money, there’s been a growing trend of airdrop phishing scams that steal people’s money when they attempt to get the so-called ‘free’... (Read More...)",50.0,55.00000000000001,1.1874198913574219,43.6,71.25,0.6813168525695801,2022-06-19
14,The Daily Hodl,U.S. Federal Reserve Raises Concerns About the ‘Fragility’ of Stablecoins Amid Crypto Market Crash,"The U.S. Federal Reserve is issuing another warning about stablecoins amid the current crypto market crash. In a monetary policy report sent to Congress, the Fed’s Board of Governors say recent strains in the crypto market have “highlighted the structural fragilities” of stablecoins and other dig... (Read More...)",29.905000000000005,50.0,1.4438211917877197,12.85,54.6875,0.6174653768539429,2022-06-19
15,U.Today,BabyDoge Achieves New Big Community Milestone,BabyDoge has seen a new massive growth in the amount of Twitter followers (Read More...),50.0,53.40909090909091,99.81992244720459,69.08999999999999,60.60606060606061,97.34099209308624,2022-06-19
16,AMBCrypto,Crypto market’s anatomy and why ‘it’s a total gift to be able to buy the future’,"The last seven days have been the most uneventful days for the cryptocurrency market. The ongoing crypto winter has turned into a full-blown crypto blizzard, with losses touching the depths of ocean floors. As per data from CoinMarketCap, on 12 June, the total market cap for the cryptocurrency ma... (Read More...)",72.02,58.333333333333336,6.104975938796997,29.905000000000005,65.0,0.003153085708618164,2022-06-19
17,Cointelegraph,"Bitcoin critics say BTC price is going to $0 this time, but these 3 signals suggest otherwise","Bitcoin haters are ready to read its obituary, but on-chain data and other indicators suggest the current price range could be a good buy zone. (Read More...)",42.345,50.0,0.08883774280548096,77.115,62.74999999999999,0.08800029754638672,2022-06-19
18,Bitcoinist,14 Members Of The US Congress School EPA On Bitcoin Mining And Green Energy,"The Environmental Protection Agency or EPA keeps receiving mail. This time, 14 members of Congress provided the counterpoint and singled out the environmental benefits of bitcoin mining. They also made a point about how crucial this industry is, and the damage the USA would inflict on itself by b... (Read More...)",63.660000000000004,40.0,89.90976512432098,42.345,62.5,0.7417917251586914,2022-06-19
19,U.Today,Shiba Inu Reaches New Community Milestone,Shiba Inu's holder count continues to grow (Read More...),52.580000000000005,56.81818181818181,99.8745322227478,50.0,75.0,99.79332685470581,2022-06-19
20,Bitcoinist,Crypto Liquidations Hit Almost $300M As Carnage Continues,"The carnage in the crypto market has continued today, leading to nearly $300 million in liquidations in the futures sector. Crypto Futures Market Observes Almost $300M In Liquidations In case anyone is unaware what a “liquidation” is, it’s best to get a brief look at the workings of derivatives t... (Read More...)",50.0,50.0,0.1399397850036621,76.335,66.0,0.016510486602783203,2022-06-19
21,BeInCrypto,Russian Energy Giant Taps BitRiver to Mine Bitcoin Using Flared Natural Gas,Russia's third-largest oil producer inks agreement with green crypto mining hosting company BitRiver to set up mining facilities on oil fields. The post Russian Energy Giant Taps BitRiver to Mine Bitcoin Using Flared Natural Gas appeared first on BeInCrypto. (Read More...),77.86999999999999,51.66666666666667,98.86395335197449,88.915,55.41666666666667,17.771169543266296,2022-06-19
22,The Daily Hodl,"Hong Kong-Based Crypto Firm Suspends Withdrawals Less Than a Month After Closing $80,000,000 Funding Round","A Hong Kong-based crypto financial service provider is freezing withdrawals within weeks of closing a multi-million-dollar funding round. Babel Finance, which primarily works with institutional investors, and high-net-worth individuals, announced the firm is temporarily suspending customer withdr... (Read More...)",50.0,40.55555555555556,0.12862980365753174,44.865,55.00000000000001,0.012007355690002441,2022-06-19
23,U.Today,Dogecoin Futures To List on Top U.S Exchange: Details,Several exchanges previously launched support for Dogecoin futures (Read More...),60.114999999999995,75.0,99.9707043170929,74.695,55.55555555555556,8.239591121673584,2022-06-19
24,CryptoPotato,The Metaverse Will Be Valued at $5 Trilllion by 2030: Report,"The current adoption rate of the Metaverse is similar to what AI was five years ago, the report noted. (Read More...)",72.02,50.0,2.5841504335403442,50.0,58.333333333333336,95.96004486083984,2022-06-19
25,Cryptomode,Bill Siveter Turns Ipods to Crypto-Treasure As MP3 Player’s Value Tops $20K,"Bill Siveter says the words ‘Apple Ipod’ are music to his ears today in 2022. The 21-year-old mp3 player model was recently discontinued due to changes in tech trends and a sagging demand. But, this technology has and always will be a big big part of one Georgia Native’s life. Before it was a […]... (Read More...)",84.53999999999999,50.0,8.361980319023132,46.78,53.75,99.96899962425232,2022-06-19
26,U.Today,Ethereum (ETH) Price Analysis for June 18,"Can bulls return the rate of Ethereum (ETH) above $1,000 soon? (Read More...)",50.0,50.0,2.2480934858322144,50.0,62.5,0.0067293643951416016,2022-06-19
27,ZyCrypto,"Billionaire Lee Cooperman Calls Crypto And NFTs “Crap”, Fails to See Markets Recovering Anytime Soon",American billionaire hedge fund manager Lee Cooperman does not see the ongoing bear market cycle subsiding - at least in the foreseeable future. (Read More...),28.925,17.5,0.0034928321838378906,50.0,52.5,0.47988295555114746,2022-06-19
28,CoinGape,Tron Price Analysis- Will EMA Death Crossover Bolster TRX Fall?,"Last week’s crypto crash took a significant toll on Tron’s (TRX) price and plunged it to a low of $0.047. This downfall registered a 45.5% loss in just two weeks but failed to sustain below $0.057 support. Furthermore, the altcoin has been trying to sustain above the $0.057 mark over the past thr... (Read More...)",20.029999999999998,50.0,0.44404566287994385,22.504999999999995,50.89285714285714,0.00029206275939941406,2022-06-19
29,Bitcoin.com,Bitriver to Mine Crypto Using Excess Gas From Gazprom Neft’s Oil Extraction,"Russian crypto mining operator Bitriver will use electricity generated from associated gas provided by Gazprom Neft to mint digital coins. As part of a new agreement, the mining company will in return develop the digital infrastructure at the oil producer’s wells in Russia. Crypto Mining Operator... (Read More...)",50.0,50.0,1.0197222232818604,81.845,56.36363636363636,2.91842520236969,2022-06-19
30,Decrypt,Do Kwon and Terraform Labs Slapped With Class-Action Suit,The implosion of UST and LUNA vaporized tens of billions of dollars in value. (Read More...),50.0,50.0,0.015395879745483398,67.0,75.0,0.015604496002197266,2022-06-19
31,U.Today,Bitcoin (BTC) Price Analysis for June 18,"Can Bitcoin (BTC) come back above $20,000 by the end of the week? (Read More...)",50.0,50.0,0.16447901725769043,50.0,58.333333333333336,0.004035234451293945,2022-06-19
32,Cryptomode,Emerging Crypto Art Platform Outland Raises $5M Seed Round Led by OKG Ventures,"Los Angeles, United States, 18th June, 2022, Chainwire Outland, an emerging crypto art platform based in Los Angeles, CA, has announced that it has raised $5 million in its first seed round in March 2022. Led by OKG Ventures, IMO Ventures, Dragon Roark, and JDAC Capital have all invested in the b... (Read More...)",50.0,40.0,99.0692138671875,71.075,59.166666666666664,17.454904317855835,2022-06-19
33,Coinnounce,Quik.com launches NFT Domains for Web 3.0,"People often worry that they are transferring cryptocurrency to the wrong address. Thus they double-check the address before sending it. The wallet address consists of many letters, numbers, and symbols that you should probably verify the information after copying and pasting it. To facilitate th... (Read More...)",50.0,50.0,89.74030017852783,14.079999999999998,58.333333333333336,0.05639493465423584,2022-06-19
34,U.Today,Ethereum's Arbitrum Now Controls Over 50 Per Cent of All L2s' TVL,"Largest Ethereum-based second-layer solution is ready to launch Arbitrum Odyssey, an eccentric community-driven journey (Read More...)",50.0,50.0,99.83044266700745,79.295,61.66666666666667,99.94016885757446,2022-06-19
35,Coinnounce,How Tron (TRX) is keeping itself afloat in the face of looming de-pegging fears,USDD not de-pegged TronDAO provided a quick Q&amp;A on the status of USDD reserves and planned activities to keep its liquidity ecosystem healthy. TronDAO executives stated on their official Twitter account that the ongoing reduction in USDD’s worth below $0.97 must not be taken as a de-pegg. “Is... (Read More...),24.47,50.0,99.96596574783325,77.86999999999999,70.41666666666666,0.5882501602172852,2022-06-19
36,crypto.news,Tasties NFT Adds to The Pile of Discord Hacks Mess,Another NFT Discord channel has been hacked once again. Tasties NFT becomes the latest casualty of a discord breach where a hacker sent a message to users announcing a release of the Tasties Membership Pass. Tasties NFT Discord Channel Breach… (Read More...),18.154999999999998,41.25,0.011244416236877441,3.915000000000002,75.0,0.0010609626770019531,2022-06-19
37,Crypto Daily,Mind Music is All set for June 24th Multi-Chain Launch. Only 6 Days Left.,"After a successful launch, having released one of the best NFT collections to date, and a coin pretty resistant to the ups and downs of the market, Mind Music is all geared up for the multi-chain launch scheduled for June 24, 2022. Multi-chain is the future of the crypto industry since it bridges... (Read More...)",50.0,50.0,98.73808920383453,95.21,75.0,99.2692768573761,2022-06-19
38,The Daily Hodl,Elon Musk Wants To Integrate Crypto Payments Into Twitter: Report,"A new report says billionaire Tesla CEO Elon Musk wants crypto to play a bigger role in Twitter’s future. According to a transcript published by Vox, the SpaceX CEO spoke to Twitter employees on a video call on Thursday amid his possible acquisition of the company. Musk argues that “money is fund... (Read More...)",50.0,60.0,0.5364298820495605,47.42,56.96969696969697,0.09574294090270996,2022-06-19
39,Coinnounce,"FTX, Deribit, and BitMEX have all liquidated Three Arrows Capital","Following allegations that distressed crypto hedge fund Three Arrows Capital struggled to fulfill margin calls, crypto lender BlockFi acknowledged Thursday that it recently liquidated a “major client.” CEO Zac Prince tweeted, “Recently, we exercised our best business judgment with a significant c... (Read More...)",50.0,50.0,0.1275092363357544,78.595,63.83928571428572,0.2572059631347656,2022-06-19
40,U.Today,Cardano (ADA) Blockchain Inches Closer to Mithril Update: Why Is This Crucial?,"Cryptocurrency researcher Hans Schmiedel, operator of Seaside Staking service for ADA holders, explains benefits of Mithril mechanism (Read More...)",50.0,50.0,1.0520070791244507,69.08999999999999,75.0,99.82982575893402,2022-06-19
41,Decrypt,‘Silicon Valley’ Producers Tap Ethereum NFTs for User-Generated Comedy,"With Hollywood veterans Alec Berg and Mike Judge on board, Terrible Pets will offer NFT-based tools for creating memes and viral content. (Read More...)",68.06,50.0,99.72551465034485,38.685,37.5,95.38918137550354,2022-06-19
42,U.Today,Cardano Founder Charles Hoskinson To Feature in Snoop Dogg’s New Album: Details,This might be just the beginning of collaborations (Read More...),50.0,56.81818181818181,94.00779902935028,50.0,75.0,98.58614504337311,2022-06-19
43,Feed - Cryptopotato.Com,Hester Peirce Lashed out on the SEC for Delaying the Approval of Spot Bitcoin ETFs,The crypto mom urged the SEC to treat spot bitcoin ETPs through the same standard as it did with the greenlit futures-based ETPs. (Read More...),73.83500000000001,45.0,0.37869811058044434,70.095,55.00000000000001,0.7597476243972778,2022-06-19
44,The Block,Coinbase sued in relation to promotion of TerraUSD cryptocurrency,The lawsuit accuses Coinbase of failing to disclose the risks inherent to TerraUSD. (Read More...),50.0,50.0,0.091552734375,8.645000000000003,75.0,0.018650293350219727,2022-06-19
45,U.Today,"No, USDD Is Not Depegged Below $0.97, Tron DAO Insists","TronDAO representatives made things clear, as USDD price on exchanges is plummeting again (Read More...)",35.199999999999996,50.0,99.59872663021088,69.08999999999999,65.0,93.14717054367065,2022-06-19
46,Bitcoin.com,Uganda Claims Exploration Surveys Discovered 31 Million Metric Tons of Gold,"While gold is often considered a scarce asset, Uganda explained on Wednesday that recently conducted exploration surveys indicate that there’s roughly 31 million metric tons of gold ore waiting to be mined in the region. Moreover, a spokesperson from Uganda’s Ministry of Energy and Mineral Develo... (Read More...)",61.315,50.0,1.3590365648269653,83.525,56.666666666666664,0.6226867437362671,2022-06-19
47,Crypto Daily,BTC/USD Worsens to Sub-20000 Print: Sally Ho's Technical Analysis 19 June 2022 BTC,"Bitcoin (BTC/USD) continued to suffer from acute negative technical sentiment early in the Asian session as the pair continued to trade below the 21000 figure after recently trading as low as the 18710 level, its weakest print since December 2020. Stops were recently elected below the 20195.33 ar... (Read More...)",26.165,50.0,0.024819374084472656,3.915000000000002,55.00000000000001,0.003159046173095703,2022-06-19
48,NullTX,5 MetaMask Features You Probably Didn’t Know About,"MetaMask is a cryptocurrency wallet that also serves as a gateway to blockchain applications. MetaMask provides a key vault, secure login, token wallet, and token exchange as a browser extension and a mobile app, giving you everything you need to manage your digital assets. Today, we will be show... (Read More...)",50.0,50.0,96.83183431625366,83.525,61.25000000000001,99.92839694023132,2022-06-19
49,Decrypt,This Week in Coins: Bitcoin and Ethereum Crash More Than 30% as Recession Fears Loom,"The Federal Reserve also introduced the biggest interest rate hike since 1994, and crypto lender Celsius evoked memories of Terra. (Read More...)",7.5950000000000015,75.0,0.022995471954345703,72.94,75.0,99.59202408790588,2022-06-19
50,Blockonomi,NFT Platforms Are On The Rise In China Amid Regulatory Uncertainty,"The NFT market in China exhibited exponential growth over the past few months. The number of NFT platforms in the country has surpassed the 500 mark, a 5-time increase compared to 100 platforms in February 2022. Multiple crypto crackdowns have taken place in China since the destiny date when the ... (Read More...)",32.99999999999999,50.0,1.0041773319244385,81.845,50.625,1.9099891185760498,2022-06-19
51,Bitcoinist,"CBDC Cybersecurity To Be Tested By Hong Kong, Bank Of Israel And Bank For Int’l Settlements","CBDC, or central bank digital currency, will be the main focus of three major financial and lending institutions to validate the feasibility of new digital currency system, the Bank of Israel said on Friday. Upon its launch in the third quarter of this year, the joint CBDC project by the Bank of ... (Read More...)",50.0,50.0,98.92877638339996,68.06,54.80850168350169,99.59167242050171,2022-06-19
52,AMBCrypto,LBRY vs. SEC to face the same fate as Ripple vs. SEC? Answer can alarm you,"The SEC vs. Ripple case continues to create headlines within the crypto community. But a lesser-known case may provide clarity for the former. In 2021, the SEC filed a complaint against LBRY, Inc. (a blockchain-based file-sharing and payment network) where the SEC alleged that LBRY violated the S... (Read More...)",32.99999999999999,46.666666666666664,1.3831555843353271,24.47,48.57142857142857,1.7016559839248657,2022-06-19
53,CoinGape,This Airline Will Accept Crypto Through BitPay,"Cryptocurrency adoption is still on a surge amid the recent collapse of the global digital asset market. Vueling, a Spanish airline has joined hands with the BitPay allowing customers to pay for booking their tickets in exchange for cryptos. Vueling will accept crypto from 100 wallets The airline... (Read More...)",69.08999999999999,50.0,0.19454658031463623,56.400000000000006,55.00000000000001,76.28471255302429,2022-06-19
54,Protos.com,"The Weekend Shift: Crypto Crash, Hackers, Chess","The most interesting reads, podcasts, charts, and opinions from the internet this weekend -- curated for you by the Protos newsroom. (Read More...)",29.905000000000005,50.0,95.71104347705841,72.88,75.0,96.9866156578064,2022-06-19
55,The Block,"Do Kwon, Terraform Labs, others hit with class action lawsuit",A class action lawsuit accuses Do Kwon and others of selling unregistered securities and making false statements about the stability of the TerraUSD stablecoin and related token luna. (Read More...),38.685,55.00000000000001,6.313031911849976,36.34,52.5,0.024688243865966797,2022-06-19
56,CoinGape,Data Suggets USDC May Soon Replace USDT As Stablecoin Favorite,On-chain data analytics site Glassnode disclosed today that world’s second largest stable coin USDC is gaining traction as crypto investors seem to prefer it over USDT. This is evidenced in the total number of supply the coin gained from last month alone. USDC seems to be coming for USDT’s positi... (Read More...),72.94,75.0,12.578216195106506,85.48,56.25,3.875213861465454,2022-06-19
57,BeInCrypto,"Crypto Scammers on LinkedIn Pose Big Threat to Users, Says FBI","The Federal Bureau of Investigation has warned LinkedIn users to be wary of crypto scammers, saying that these malicious players present a huge threat to the social media platform. (Read More...)",23.665000000000003,50.0,0.13625919818878174,25.305,54.333333333333336,0.019073486328125,2022-06-19
58,Bitcoin Magazine,The Father’s Day Gift Guide For Bitcoiners,"Dad’s don’t necessarily need special or fancy gifts, but Bitcoiners want to make sure our dads have the Bitcoin tools and gadgets they need. (Read More...)",72.02,50.0,99.86588060855865,82.14,66.96428571428572,97.07143902778625,2022-06-19
59,Trustnodes,How the Rich Crashed the World,"The rich cashed out at the top, and in the process probably caused the stock market crash that is unfolding. (Read More...)",77.86999999999999,68.75,0.6060272455215454,70.095,72.91666666666666,12.81651258468628,2022-06-19
60,The Daily Hodl,BitMEX Co-Founder Arthur Hayes Warns of a Potential ‘Mega Crypto Dump’ Ahead – Here’s His Timeline,Former BitMEX CEO Arthur Hayes is warning that crypto assets face a precarious road as central banks across the globe pursue tight monetary policies. Hayes says in a new blog post that he’s looking at a particular weekend when crypto could capitulate as panic sellers flood a bidless market. “By J... (Read More...),44.865,50.0,6.743404269218445,19.379999999999995,55.20382395382395,2.3898422718048096,2022-06-19
61,Feed - Cryptopotato.Com,Terra’s Do Kwon Shares Thoughts Amid Crypto Market Bloodbath,"Do Kwon broke the silence after a week of inactivity, urging community members to be the change they want to see. (Read More...)",64.8,50.0,16.067928075790405,31.94,75.0,0.43685436248779297,2022-06-19
62,Bitcoin.com,"Bitcoin’s Sinking Price Pushes Hashrate Below 200 Exahash, Mining Difficulty Expected to Slide 2.8% Lower","While bitcoin’s price dropped below the $20K region, the network’s hashrate slipped under the 200 exahash per second (EH/s) region to 167 EH/s on June 18. At the time of writing, the hashrate is coasting along at 184 EH/s after a slight rebound following the drop. With the price per bitcoin lower... (Read More...)",22.13,45.0,0.023555755615234375,36.34,54.166666666666664,0.0011444091796875,2022-06-19
63,Cointelegraph,What is an Iceberg order and how to use it?,What is an iceberg order and how to use it? Avoid major changes in the crypto market by using reverse orders. (Read More...),50.0,50.0,96.8879759311676,35.199999999999996,64.0625,3.6430150270462036,2022-06-19
64,Crypto Daily,The Crypto Crash Is Here – Bitcoin and Ethereum Struggle But Chronoly Rises,"The cryptocurrency market came under further pressure in the last week. Wiith Bitcoin (BTC) surrendering its rally above the $30k level and trading at lows just above $20,000. Ethereum (ETH) was also hammered lower and currently trades under the $1,100 level. The market was being hit as the Feder... (Read More...)",31.94,50.0,95.47229409217834,18.154999999999998,54.166666666666664,0.003629922866821289,2022-06-19
65,Bitcoinist,"Crypto Scammers Pose ‘Significant Threat’ On LinkedIn, FBI Agent Warns","Crypto scammers are on the loose, and this time, they’re preying on unsuspecting individuals on this popular social networking site. If you frequently connect and converse with strangers online, particularly on LinkedIn, you may want to take extra precautions as the bad guys are now getting smart... (Read More...)",44.865,68.75,0.6595134735107422,34.645,54.65201465201466,0.08911192417144775,2022-06-19
66,Trustnodes,"Grayscale’s Bitcoin Price Falls to $12,000","The price of bitcoin in Grayscale's stock traded trust has fallen to as much as $12,000 amid a market rout. (Read More...)",50.0,50.0,0.0035583972930908203,60.114999999999995,67.5,0.004458427429199219,2022-06-19
67,BeInCrypto,"More Job Cuts Could Be on the Horizon, Says Coinbase Executive","Amidst a slew of layoffs, the chief policy officer at Coinbase, Faryar Shirzad, admitted that further job cuts could come sometime in the future as part of a long-term plan to ""operate the company responsibly."" The post More Job Cuts Could Be on the Horizon, Says Coinbase Executive appeared first... (Read More...)",32.17,75.0,6.18152916431427,24.65,62.083333333333336,4.682996869087219,2022-06-19
68,Cryptomode,These 5 DeFi Protocols Increased Their TVL By Over 615% This Month,"The past few months have been very rough for the entire cryptocurrency industry. Unfortunately, things will not improve overnight either, as new lows are being recorded every day. But, interestingly, there are a fair few smaller DeFi protocols noting substantial growth in the TVL department. Dyst... (Read More...)",63.660000000000004,50.0,98.81985187530518,92.58999999999999,52.52892561983471,0.03097057342529297,2022-06-19
69,Bitcoin.com,"Biggest Movers: BCH Higher to Start the Weekend, MATIC Hits 15-Month Low","On a day where bitcoin broke out of its $20,000 support point, BCH bounced on its own floor, climbing higher on Saturday. BCH was up by nearly 7% to start the weekend, whilst MATIC fell to its lowest point since last April. Bitcoin Cash (BCH) Despite yet another red wave in crypto markets on Satu... (Read More...)",36.34,56.25,8.410781621932983,29.905000000000005,62.083333333333336,0.02478957176208496,2022-06-19
70,Cointelegraph,Ethereum risks another 60% drop after breaking below $1K to 18-month lows,A 2018-like bearish cycle could have Ether drop toward $420 in the coming weeks. (Read More...),19.379999999999995,50.0,0.0033736228942871094,36.34,75.0,0.17487406730651855,2022-06-19
71,CoinGape,"Mining Data Reveals Signs Of Bitcoin Bounce Soon, Here’s Why","This week is turning out to be a nightmare for Bitcoin enthusiasts who are already stressed with negative price action. On Saturday, Bitcoin looks to have potentially opened doors for a new bottom after dropping to the $19,000 level. The new Bitcoin mining data also supports the same sentiment. M... (Read More...)",50.0,50.0,0.5866736173629761,35.199999999999996,54.090909090909086,0.007790327072143555,2022-06-19
72,CoinGape,"Ukraine Joins European Blockchain Partnership, But There’s A Catch","Ukraine finally became a member of the European Blockchain Partnership (EBP). Alexander Bornyakov, Deputy Minister of Ukrainian Digital Transformation for IT Development took part in the meeting with all other EBP member countries as an observer. Ukraine aims to integrate digital economics Many l... (Read More...)",50.0,50.0,80.13487458229065,50.0,56.25,99.77747797966003,2022-06-19
73,CryptoPotato,"XRP Price Analysis: Despite the Turmoil, Ripple Soars 20% Against BTC in a Week","Buyers are still determined to defend the level of $ 0.3. The price has tested this support once in the current week. Technical Analysis By Grizzly The Daily Chart The price is currently at the Fibonacci level of 0.786 (in blue), which is at $0.3. If the bulls are successful in defending it, then... (Read More...)",63.775000000000006,50.0,5.991777777671814,92.64,58.92857142857143,0.011739134788513184,2022-06-19
74,The Block,Companies list hundreds of new crypto jobs despite recent layoffs,"Despite the market downturn and many layoffs in the industry, some crypto firms are continuing to add new jobs. (Read More...)",50.0,53.40909090909091,99.36209321022034,50.0,68.93939393939394,83.41788947582245,2022-06-19
75,CryptoPotato,Bitcoin Price Analysis: Here’s The Next Support Below $20K,"Bitcoin’s price is still trending down with strong momentum and is currently testing the 2017 all-time high range between $17K and $20K. However, the downtrend shows no signs of slowing down and is hard to call a bottom at this time. Technical Analysis By: Edris The Daily Chart The next few days ... (Read More...)",70.095,50.0,0.09197890758514404,58.894999999999996,51.32070707070707,8.889389038085938,2022-06-19
76,CoinGape,Is Elon Musk Planning To Increase Doge Use At His Companies?,"Replying to Dogecoin creator Billy Markus’s tweet, who wishes people use the meme coin for something, Musk wrote, Tesla and SpaceX merch, maybe more down the road. (Read More...)",65.91,50.0,0.03190934658050537,57.655,64.07407407407408,1.8922388553619385,2022-06-19
77,CoinGape,Uniswap Price Analysis: Post-Retest Fall Could Slump UNI Price By 20%,"Responding to last week’s sell-off, the Uniswap (UNI) price pierced through the range support of $4.5 on June 11th. The breakdown fell to 24.8% and reverted immediately to retest the breached resistance. This retest opportunity may welcome more short-selling in the market and encourage further do... (Read More...)",50.0,50.0,0.06815493106842041,94.78500000000001,68.0,0.00048279762268066406,2022-06-19
78,CoinGape,"Bitcoin (BTC) Decouples Further From Stocks, But For The Worse","Bitcoin’s (BTC) recent losses saw the token plummet below a key support level, likely setting it up for more declines in the near future. BTC fell below the key $20,000 level on Saturday, hitting its lowest level since late-2020. It is now trading slightly above $19,000, after falling briefly fal... (Read More...)",18.45,40.0,0.012490153312683105,25.305,55.50000000000001,0.002187490463256836,2022-06-19
79,Cryptomode,Universal Auction Platform (UAP) preparing to enter Europe and United States,"Undoubtedly, Covid-19 has badly impacted the social and economies, auction that used to in-person auctions, with attendees dressed smartly has been forced online. Top auction houses in Europe and America such as Sotheby’s and Christie’s have all begun transform to online, and online auctions have... (Read More...)",71.075,50.0,84.39310193061829,28.925,51.76870748299321,0.13023018836975098,2022-06-19
80,Coinnounce,"Bitcoin falls below $19,000, lowest in over 18 months","Bitcoin drips below $20k for the first time since 2020. Almost immediately after breaking through the 20k level, we went low at $19,100. The situation for the leveraged is critical, and they could face their margin calls. We are in such a high moment of inflation, with rises in interest rates, ve... (Read More...)",30.910000000000004,50.0,0.004124641418457031,44.865,57.58333333333333,0.0018417835235595703,2022-06-19
81,CryptoPotato,Crypto Valley: Futuristic Virtual Real Estate in the Metaverse,"Imagine visiting your favorite travel destination or attending a rock concert from your living room. Or a world where companies can transport customers from anywhere to their virtual stores, delighting them with an immersive buying experience. All this was pure science fiction some years ago when... (Read More...)",50.0,60.0,98.3792394399643,84.04,70.23809523809524,99.93817806243896,2022-06-19
82,Cryptomode,Avita token partnering with the Government of El Salvador,"Business talks between Avita and the Government of El Salvador are being held continuously and consistently. El Salvador has already legalized Bitcoin as one of its legal tenders, so these talks are the first steps toward the Crypto world. Italian co-founder Antonio Vietri, the Golden Shoemaker [... (Read More...)",50.0,50.0,99.92978274822235,63.660000000000004,62.5,99.71964359283447,2022-06-19
83,Cryptomode,Universal Auction Platform (UAP) prepares to enter Europe and America Market in 2022,"Since the published of Blockchain in 2008, it has developed from the earliest 1.0 currency, 2.0 financial development to 3.0 application. Many industries all around the world are actively developing and applying blockchain technology, which are finance, medical care, agriculture, art and other fi... (Read More...)",50.0,50.0,99.35663342475891,83.525,56.01190476190476,99.85620081424713,2022-06-19
84,Cryptomode,How Can Countries Regulate Crypto Markets?,"Cryptocurrencies have conquered the world by storm ever since they first appeared on the market. While their momentum and popularity have swung back and forth over the years, we can say they are still highly present in the eyes of businessmen and investors, as well as ordinary people. Nevertheles... (Read More...)",50.0,50.0,1.799282431602478,81.845,55.00000000000001,99.95328485965729,2022-06-19
85,CryptoPotato,3 Possible Reasons Why Ethereum (ETH) is Down 40% in 7 Days,Ethereum is down 40% in the past week. Here are three possible reasons why. (Read More...),50.0,46.11111111111111,0.002181529998779297,50.0,51.18055555555555,0.0010192394256591797,2022-06-19
86,BeInCrypto,Babel Finance Pauses Withdrawals After Celsius; Amber Group Clarifies Position,"Crypto financial service provider Babel Finance has halted withdrawals and redemptions amid a market slump, soon after Celsius did the same, citing 'liquidity pressure' The post Babel Finance Pauses Withdrawals After Celsius; Amber Group Clarifies Position appeared first on BeInCrypto. (Read More...)",61.315,50.0,20.387369394302368,46.14,59.375,0.1211017370223999,2022-06-19
87,ZyCrypto,"Bitcoin Price Risks Critical $8,000 Nosedive As Crypto Carnage Takes Unexpected Turn","At the World Economic Forum in Davos, Guggenheim’s Scott Minerd predicted that the cryptocurrency winter could last for a long time with Bitcoin’s price falling to $8,000. (Read More...)",23.665000000000003,52.5,0.2574115991592407,42.345,58.12500000000001,0.9293854236602783,2022-06-19
88,The Daily Hodl,Glassnode Says One Crypto Asset Class Is Gaining Massive Popularity Amid Huge Ethereum (ETH) Unrealized Losses,"Market intelligence firm Glassnode says one particular niche within the decentralized finance (DeFi) sector remains robust despite crypto market woes. In a new analysis, Glassnode says capital has been pouring into stablecoins while many Ethereum (ETH) holders are currently underwater. “The aggre... (Read More...)",89.53,60.0,0.3220021724700928,89.24499999999999,59.1919191919192,0.06600320339202881,2022-06-19
89,Cointelegraph,The BTC origin story: Who designed the Bitcoin logo?,"Enthusiasts continue releasing new logos for Bitcoin to date, but the BTC community has yet to come across a symbol that comes close to the beloved orange ₿. (Read More...)",50.0,50.0,0.10763406753540039,86.555,72.27272727272728,3.383845090866089,2022-06-19
90,AMBCrypto,"Neo Network: With this upgrade, will NEO defy broader market sentiment","The year 2022 has been marked with a series of upgrades and hard forks for many blockchains. The latest chain in town to implement a network upgrade and a hard fork is the Neo Blockchain. The Neo Network is an open-source, community-driven blockchain platform that enables developers to digitize a... (Read More...)",50.0,50.0,99.36032295227051,39.885,58.47222222222223,99.95450377464294,2022-06-19
91,CoinGape,Bitcoin Drops Below Its Lowest Levels in 18 Months,"Bitcoin is trading at its lowest levels in the last 18 months. The leading cryptocurrency briefly traded below $19,000, its lowest since December 2020. (Read More...)",30.910000000000004,50.0,0.018167495727539062,18.154999999999998,58.333333333333336,0.048220157623291016,2022-06-19
92,Bitcoin.com,"Bitcoin, Ethereum Technical Analysis: BTC Below $20,000, ETH Slips Under $1,000","Bitcoin fell below $20,000 on Saturday, as the sell-off in cryptocurrency markets continued to start the weekend. ETH was also trading below a key level, as prices fell below $1,000 for the first time in over 18 months. Bitcoin Bitcoin fell below $20,000 on Saturday, as bearish momentum extended ... (Read More...)",50.0,50.0,0.018584728240966797,50.0,62.5,0.05193352699279785,2022-06-19
93,NewsBTC,Bitcoin Breaches $19K Level – Will Selloff Continue? What’s The Next Bottom?,"The price of Bitcoin (BTC) is currently trading below the $20,000 mark, reaching a low of $19,147 on Saturday, according to statistics from Coingecko. As the whole cryptocurrency market continues to be pummeled, the price of BTC has fallen below its 2017 all-time high of $20,000, and the market a... (Read More...)",50.0,50.0,0.0022649765014648438,28.925,58.599999999999994,0.01792311668395996,2022-06-19
94,The Block,Binance says it is changing Brazil payments partner for better customer solution,Binance will replace Capitual with a local payment provider to be announced soon. (Read More...),81.845,75.0,0.09605288505554199,50.0,62.5,16.372954845428467,2022-06-19
95,CoinGape,Odd One Out: Here’s A Big Anomaly Amid Bitcoin Freefall,"At a time when Bitcoin and a majority of the tokens are seeing turbulent times, hardly any projects are resisting the market pressure. On Friday, Bitcoin freefall took it for the first time since 2020 fell below the $20,000 level. As of writing, BTC is trading at $19,403, down 7.12% in the last 2... (Read More...)",34.089999999999996,45.83333333333333,85.54384708404541,35.199999999999996,53.02777777777777,0.0054836273193359375,2022-06-19
96,crypto.news,Three Arrows Capital Looking to Sell Its Assets Amidst Ongoing Crypto Markets Bloodbath,"Three Arrows Capital (3AC) has engaged the services of legal and financial advisors to help it formulate a solution for its investors and creditors, as the ongoing crypto markets downturn has resulted in heavy losses for the firm, reports WSJ… (Read More...)",58.894999999999996,50.0,0.058069825172424316,83.525,53.0,92.63102412223816,2022-06-19
97,Ethereum World News,Crypto Fear and Greed Index Drops to Second Lowest Level of 6 Since 2018 as Bitcoin loses Crucial $20k Support,"Summary: The crypto fear and greed index is currently at a 6, the second-lowest since August 2018, when it fell to a value of 5. Bitcoin has lost the crucial $20k support level and hit a local low of $18,742, with the weekend possibly opening the doors to more losses. A drop below $20k could turn... (Read More...)",10.18,45.0,0.0016331672668457031,6.924999999999998,57.14285714285714,0.0012814998626708984,2022-06-19
98,CoinGape,"Binance Suspends Transactions In Brazilian Real, Here’s Why","Binance, the world’s largest crypto exchange, appears to have temporarily suspended transactions in Brazilian real on its website. The move comes after the exchange said it is changing payment providers in the country. Binance has ended a partnership with payment services provider Capitual, and s... (Read More...)",50.0,60.0,0.08338391780853271,26.165,67.5,0.004458427429199219,2022-06-19
99,U.Today,DOGE Makes It to Top 10 List by Trading Volume: Details,Dogecoin has climbed on the list of top assets by trading volume among BSC whales (Read More...),60.114999999999995,75.0,99.96471405029297,68.06,75.0,99.92585480213165,2022-06-19
100,BeInCrypto,Sweden Names Bitcoin Skeptic Erik Thedéen as New Central Bank Governor,"Riksbank, the central bank of Sweden, said it had appointed bitcoin skeptic and current head of the national financial regulator Erik Thedeen as its new governor on Friday. The post Sweden Names Bitcoin Skeptic Erik Thedéen as New Central Bank Governor appeared first on BeInCrypto. (Read More...)",38.685,53.40909090909091,0.21435022354125977,28.925,56.39204545454546,0.008752942085266113,2022-06-19
101,Finbold,Bitcoin $10k scenario in play as BTC slumps below $19k extending losses,"On June 18, the price of Bitcoin (BTC) fell below $20,000, the historic all-time high it reached in 2017 and... Continue reading (Read More...)",46.14,50.0,0.06273388862609863,55.135,61.0,0.46449601650238037,2022-06-19
102,Coinnounce,Huobi Thailand closing down after License Revoked,"Huobi Thai subsidiary, a Cryptocurrency exchange, is shutting down by July 1 after the local regulator revoked its license. Huobi said in its announcement that the Thailand securities regulator board had revoked its license as an exchange. Huobi Technology, a Hong Kong-listed operator of a crypto... (Read More...)",50.0,42.22222222222222,0.4468858242034912,64.8,55.74074074074073,0.012072920799255371,2022-06-19
103,Bitcoin.com,President of Panama Partially Vetoes Crypto Law Passed by National Assembly,"Laurentino Cortizo, president of Panama, has exercised his veto powers to make a series of objections to the recently approved cryptocurrency law. The observations of the president only touch on certain articles and do not affect the law in its entire scope. However, these articles of the bill wi... (Read More...)",50.0,45.0,0.19377171993255615,79.97000000000001,57.14285714285714,0.3144502639770508,2022-06-19
104,CoinGape,Just-In: ETH based Immutable Launches $500M Web3 Gaming Fund,"Immutable, an Ethereum (ETH) based web3 gaming firm, has taken the initiative to launch a $500 million development fund. The Developer and Venture Fund will focus on supporting the web3 games and NFT focus firms built on Immutable X. How IMX can gain momentum? Robbie Ferguson, Co-founder of Immut... (Read More...)",50.0,50.0,75.14314353466034,87.14999999999999,59.166666666666664,10.657566785812378,2022-06-19
105,Cointelegraph,"Third non-EU country, Ukraine, joins the European Blockchain Partnership","With the ultimate goal of integrating its digital economic space with the EU, Ukraine plans to expand its interstate blockchain network partnership with other countries. (Read More...)",50.0,50.0,95.4083263874054,65.91,55.75,90.36189615726471,2022-06-19
106,Decrypt,"Bitcoin Breaches $19,000, Ethereum Dips Below $1,000","The crypto market started the weekend with new lows: Ethereum dropped to $986 after Bitcoin dipped as low as $18,905. (Read More...)",50.0,50.0,0.01665353775024414,27.98,60.60606060606061,0.005424022674560547,2022-06-19
107,U.Today,"Charles Hoskinson Responds to Question About His “Claiming to Be Satoshi”, Here's What He Says",Cardano founder has cut a Twitter user down to size after a question about “claiming to be Satoshi” in the past (Read More...),50.0,50.0,14.607018232345581,36.34,51.57407407407407,0.1754850149154663,2022-06-19
108,The Daily Hodl,Co-Founder of Major Crypto Lender Says Bitcoin (BTC) Will Explode by Over 350% – Here’s His Timeline,"Nexo crypto lending platform co-founder Antoni Trenchev says he’s not turning his back on Bitcoin (BTC) despite BTC losing more than 70% of its value since late 2021. In a new interview with Bloomberg Technology, Trenchev says Bitcoin experienced brutal price swings to the downside two years ago ... (Read More...)",50.0,53.125,0.13767480850219727,31.775,55.43831168831169,0.1812666654586792,2022-06-19
109,CoinGape,Crypto Analysts Try To Time A Bitcoin Bottom As Prices Collapse,"At times when the crypto market is reeling under heavy pressure as several crypto giants face liquidation risks, several crypto analysts believe Bitcoin (BTC) at the current level is the perfect ‘buy-the-dip’ opportunity. The Bitcoin (BTC) price is currently trading below the $20k level, falling ... (Read More...)",25.305,50.0,0.13767480850219727,69.08999999999999,59.285714285714285,0.22591352462768555,2022-06-19
110,Finbold,Do Kwon says ‘be the change you want to see’ after Terra’s multi-billion collapse,"Do Kwon, the CEO of Terraform Labs, a cryptocurrency ecosystem which caused significant losses for investors when both its stablecoin... Continue reading (Read More...)",27.98,50.0,99.77782070636749,38.685,71.875,1.4149129390716553,2022-06-19
111,CoinGape,China Plans To Censor NFT Trading,National Press and Publication Administration blockchain copyright director Liu Tianjian wants to monitor NFTs in mainland China. (Read More...),27.060000000000002,50.0,0.007450580596923828,50.0,67.5,0.8355706930160522,2022-06-19
112,The Block,Voyager Digital obtains loans from Alameda Research to safeguard assets,"The first part is a cash/USDC-based credit facility of $200 million, while a second is for 15,000 in Bitcoin (BTC). (Read More...)",75.53,50.0,13.141906261444092,69.08999999999999,62.5,1.3335436582565308,2022-06-19
113,Feed - Cryptopotato.Com,"Bloodbath: $60B Erased From Crypto Markets as ETH Dumps Below $1K , BTC Sub-$20K","The crypto market is in shambles once again, with bitcoin, ether, and many altcoins dumping to yearly lows. (Read More...)",29.905000000000005,50.0,0.0029087066650390625,26.165,75.0,0.0014960765838623047,2022-06-19
114,CryptoBriefing,"Bitcoin Breaks Below Crucial $20,000 Level as Market Bleed Continues","Ethereum crashed below $1,000 as Bitcoin tumbled. Bitcoin and Ethereum Extend Losses Bitcoin and Ethereum keep on falling as the crypto downturn continues. The top crypto asset broke below $20,000... (Read More...)",50.0,50.0,0.033730268478393555,36.34,75.0,0.01747608184814453,2022-06-19
115,AMBCrypto,SEC counters Ripple’s move to seal ‘judicial’ documents in connection with…,"The SEC, on 15 June, filed its request to seal its response to the amici motion to participate in the Daubert challenge. This move comes on the heels of testimony from an expert SEC witness – Patrick B. Doody – who reported on what information ‘reasonable’ XRP holders relied on while buying the t... (Read More...)",50.0,45.0,13.004586100578308,53.86,56.25,3.6835670471191406,2022-06-19
116,CoinGape,"Breaking: Ethereum (ETH) Slumps Below $1K, Is $800 The Next Support?","Ethereum (ETH) prices slumped below key levels on Saturday, and are now trading in the triple digits as an ongoing crypto rout intensified. ETH is down nearly 9% in the past 24 hours, and is trading at $997.61, data from Etherscan shows. Its breaking of that support level is likely to signal stee... (Read More...)",70.095,50.0,0.02372264862060547,70.095,51.620370370370374,0.0008165836334228516,2022-06-19
117,CryptoGlobe,Crypto Analyst Alex Krüger on Bitcoin: $20K Level Is ‘Decisive’ for Future of Crypto’,"On Saturday (June 18), as the price of Bitcoin ($BTC) went below the $20K level for the first time since December 2020, macro-economist, trader, strategic advisor, and popular crypto analyst on Twitter Alex Krüger explained why this price level is so significant. According to data by TradingView,... (Read More...)",50.0,50.0,97.68368899822235,81.645,71.5625,0.05704164505004883,2022-06-19
118,U.Today,"Bitcoin Plunges Below $20,000 After Recent Fed’s Historic Rate Hike","King crypto has gone below the $20,000 level, losing its price milestone achieved five years ago (Read More...)",50.0,50.0,0.015813112258911133,30.910000000000004,75.0,0.0902026891708374,2022-06-19
119,The Block,"FBI warns of increase in LinkedIn cryptocurrency scams, CNBC reports",The FBI has seen an increase in crypto fraud and has active investigations but could not comment about open cases. (Read More...),27.98,50.0,0.1220405101776123,51.29,56.111111111111114,0.32773613929748535,2022-06-19
120,Cryptomode,Stop Carrying The Weight Of Crypto Market Crash And Bring Your Portfolio Back Into The Green With Gnox Token (GNOX) And Cardano (ADA),"The ongoing bearish market trend has affected all major cryptocurrencies. Although Bitcoin (BTC), the world’s first and largest cryptocurrency, should be a great hedge against inflation, it still suffered heavy losses. BTC’s price has almost halved from its November 2021 all-time high. The weak s... (Read More...)",20.029999999999998,45.0,0.4991382360458374,17.570000000000004,58.55357142857143,0.013658404350280762,2022-06-19
121,Cryptomode,Can CashFi (CFI) Become as Big as Litecoin (LTC) and Cronos (CRO),"CashFi (CFI) is one of the most talked-about cryptocurrencies right now, even without being launched. A lot of buzz has been generated around it, and experts predict it to go on a bullish run. This is because of the virality it has gotten, which has made lots of investors read up about it. That i... (Read More...)",50.0,50.0,0.022402405738830566,45.245000000000005,71.42857142857143,80.36986589431763,2022-06-19
122,Cryptomode,"Three Cryptocurrencies You Need to Watch Carefully: Parody Coin (PARO), Litecoin (LTC), and Cardano (ADA)","To say that there are many cryptocurrencies on the market is an understatement. There are thousands of coins taking up the crypto space, and the vast number of options could make it difficult for anyone to pick the best ones. To potentially make money from cryptocurrencies, you need to invest at ... (Read More...)",56.400000000000006,45.0,98.10447692871094,72.94,62.5,0.04630088806152344,2022-06-19
123,Cryptomode,Mehracki Token (MKI); Meme Coin With Plans To Join The Ranks Of Big Dogs Like Stellar (XLM) and Cardano (ADA),"Cryptocurrencies fall into various subcategories like utility coins, governance coins, or stable coins. Then there are meme coins that usually have no real-life application or utility, they are community-led and their value goes up as a result of trends or community hype. However, there is a new ... (Read More...)",78.595,56.25,19.40205991268158,79.97000000000001,54.82954545454546,75.54460167884827,2022-06-19
124,Coinnounce,"Bitcoin falls below $20,000 for the first time","The crypto market had a flash crash. Bitcoin’s price hits lowest since December 2020.Cryptocurrency is in freefall as it drops FIVE percent in one hour For months there had been warning signs that the cryptocurrency market would fall, but no one could have predicted the sheer scale of the collaps... (Read More...)",50.0,62.5,0.0027239322662353516,13.445000000000002,62.5,0.04295706748962402,2022-06-19
125,CoinGape,"Mad Money Host Jim Cramer Predicts $12,000 Next For BTC Price","In a new interview on CNBC’s Squawk Box, the CNBC host and ex hedge fund manager Jim Cramer, issued a severe crypto warning to investors, predicting that the world’s largest cryptocurrency according to CoinmarketCap could plunge to a new $12,000 low. Bitcoin maximalists must take a stand to preve... (Read More...)",25.305,34.375,0.18594563007354736,13.655000000000001,59.65909090909091,0.004875659942626953,2022-06-19
126,The Block,"Bitcoin drops below $20,000 as crypto market tumult continues",The biggest cryptocurrency has fallen more than 70% from its all-time high in November. (Read More...),50.0,50.0,0.03751814365386963,31.94,69.33333333333334,0.004357099533081055,2022-06-19
127,CoinGape,"Breaking: Bitcoin Breaks $20K Support, This Is Next Support Price?","After hovering around the $20,000 to $21,000 mark, Bitcoin is finally moving in the anticipated direction. As of writing, Bitcoin price is $19,554, down 6.50% in the last 24 hours, according to CoinMarketCap. Analysts predict Bitcoin to reach the $18000 level to find the next significant support ... (Read More...)",82.985,50.0,0.0038385391235351562,77.86999999999999,55.99537037037037,5.53610622882843,2022-06-19
128,CoinTelegraph,Bitcoin price falls below $20K for first time since 2020,A brutal day of losses unfolds as Bitcoin crosses under its previous cycle high for the first time in history. (Read More...),50.0,62.5,0.008034706115722656,11.085,48.68333333333334,0.03504753112792969,2022-06-19
129,Decrypt,"Bitcoin Falls Below $20,000, Ethereum Tests $1,000","Bitcoin plunged below $20,000 on Saturday morning, a significant support level for the top cryptocurrency. (Read More...)",50.0,50.0,0.012627243995666504,82.43,72.91666666666666,0.04105865955352783,2022-06-19
130,CoinGape,Magic Internet Money (MIM) Stablecoin Depegs Amid Insolvency FUD,"Magic Internet Money (MIM), the native token of the Abracadabra DeFi platform, is the latest stablecoin to lose its peg as crypto markets unwind. MIM, which is the 42nd largest stablecoin by market capital, has dropped 7% in the past 24 hours, and is trading around $0.9456. The de-pegging comes a... (Read More...)",28.610000000000003,75.0,2.165025472640991,29.905000000000005,65.625,0.04412829875946045,2022-06-19
131,The Daily Hodl,"Little-Known Altcoin Soars 197% in Just One Week, Far Outperforming Bitcoin, Ethereum and Crypto Markets","One blockchain-based review platform is defying current market trends, exploding by nearly 200% in the past seven days. The native asset for feedback platform Revain (REV) is outperforming Bitcoin (BTC) and most altcoins after surging from a seven-day low of $0.000759 to a seven-day high of $0.00... (Read More...)",50.0,55.00000000000001,0.33418238162994385,55.135,57.214285714285715,1.752731204032898,2022-06-19
132,Bitcoin.com,Belgian Banking Group KBC Creates Blockchain-Based Coin,"KBC Group, a major European banking and insurance institution headquartered in Belgium, has launched a token based on a blockchain platform. Its customers will be able to acquire the new proprietary coins and use them through their KBC wallet and mobile app. KBC Issues Digital Coin for Clients an... (Read More...)",63.660000000000004,50.0,4.001578688621521,56.400000000000006,59.9905303030303,99.4775801897049,2022-06-19
133,Bitcoin Magazine,A Letter To My Daughter On Father’s Day: I Was Wrong About Bitcoin,"“Dear daughter… Follow Bitcoin’s principles; don't just listen to me, do your own research.” (Read More...)",26.165,25.0,0.2524077892303467,50.0,77.5,22.644981741905212,2022-06-19
134,CryptoPotato,Bitcoin Breaks Down $20K: Crashes Below 2017’s Previous All-time High,"Bitcoin’s price has just crashed below the iconic previous all-time high of 2017 at $20,000. This happens as the entire market tumbles amid rampant rumors and ongoing challenges. For the first time since December 2020, the price of BTC traded below $20,000 on Binance. As of writing these lines, t... (Read More...)",50.0,47.2962962962963,0.2175837755203247,53.86,60.36111111111111,0.003534555435180664,2022-06-19
135,CoinGape,Ripple Announces Partnership To Create “Open Metaverse.”,"The NFT collectibles ecosystem FLUF World has partnered with Ripple to launch Open Metaverse that will run on the decentralized blockchain network, the Root Network. (Read More...)",63.660000000000004,50.0,99.01885688304901,50.0,62.5,98.15508425235748,2022-06-19
136,CoinGape,"Genesis Trading May Have Also Liquidated Three Arrows, Here’s Why",Genesis Trading CEO Michael Moro said the company has liquidated positions in a large counterparty that failed to meet a margin call earlier this week. Moro thinks it’s important for any company to provide transparency in such critical times when the market is in FUD. Although Genesis’s CEO didn’... (Read More...),50.0,50.0,0.2632409334182739,11.64,54.38775510204081,0.008112192153930664,2022-06-19
137,crypto.news,Solana Releases New Updates to Reduce Bot Activity and Improve Network Stability,"Solana, one of the fastest-growing ecosystems in the crypto space, has announced the rollout of new features to enhance the stability of its network. Solana’s Stability Update The platform suffered severe performance degradations on three different occasions in the last… (Read More...)",72.02,56.81818181818181,0.9454011917114258,9.629999999999999,60.60606060606061,0.05728602409362793,2022-06-19
138,CoinTelegraph,Magic Internet Money token depegs as Terra (LUNA) domino effect persists,"Citing an insider scoop, Autism Capital claimed that Abracadabra accrued $12 million in bad debt as a direct result of Terra’s sudden downfall, which has been refuted by founder Daniele Sestagalli. (Read More...)",50.0,75.0,94.12700831890106,17.015,48.75000000000001,0.01011192798614502,2022-06-19
139,CryptoGlobe,Coin Bureau Debates Solana ($SOL) vs Near Protocol ($NEAR),Popular crypto market commentary show Coin Bureau recently took a closer look at Solana ($SOL) and Near Protocol ($NEAR). What Is Near Protocol ($NEAR)? Here is what Binance Research said about Near Protocol back in October 2020: “NEAR Protocol is a decentralized application platform designed to ... (Read More...),50.0,55.00000000000001,0.10787248611450195,71.075,58.5,1.0587990283966064,2022-06-19
140,Coinnounce,FBI warns from crypto fraud to Linkedln users,The Federal Bureau of Investigation (FBI) has recently warned of Cryptocurrency Scammers on LinkedIn. The FBI has acknowledged that there has been a “recent uptick of fraud’ on LinkedIn. The scams involve persuading users to invest in crypto. Victims interviewed by CNBC say since LinkedIn is a tr... (Read More...),18.154999999999998,50.0,2.7375906705856323,9.899999999999999,58.333333333333336,0.010028481483459473,2022-06-19
141,CoinGape,Everything About Three Arrows Capital’s Insolvency Risks and What Happened,"One of the largest crypto venture capital firms, Three Arrows Capital, is on the verge of insolvency as it grapples through asset sales and bailouts. The recent condition of 3AC links to all that has happened in the crypto space starting from the collapse of the Terra ecosystem. As said, Three Ar... (Read More...)",36.34,50.0,4.244452714920044,41.105000000000004,58.333333333333336,4.6310365200042725,2022-06-19
142,Crypto Daily,"KINGSPEED'S MAINNET VERSION: A MASSIVE LAUNCH WITH TOTAL REWARD OF UPTO $10,000","Hà Nội, Vietnam, 18th June, 2022, ChainwireKingSpeed officially launched the very mainnet version with new features and cars. A tournament with a total prize pool of $10,000 will also be held with several pools for users to participate in. On June 17th, KingSpeed officially launched the mainnet v... (Read More...)",83.165,50.0,99.97687339782715,82.43,58.36363636363636,95.1917439699173,2022-06-19
143,CryptoGlobe,Bitcoin ($BTC) Whale Activity Jumps to 4-Month High as Large Holders Buy the Dip,"Bitcoin whale activity has recently surged to a 4-month high as $BTC whales have started buying the flagship cryptocurrency’s dip as it approached the critical support at $20,000 and threatened to drop below it. According to cryptocurrency analytics firm IntoTheBlock, which uses a metric called L... (Read More...)",50.0,59.357142857142854,0.015473365783691406,24.47,54.6,0.00514984130859375,2022-06-19
144,Bitcoin.com,"Virtual Currency-Based Sale Agreement an Invalid Contract, Chinese Court Rules","A virtual currency cannot be circulated in the market as a currency, therefore a vehicle sale contract wherein parties agreed that the buyer would pay with a privately issued digital currency is invalid, a Chinese court has ruled. The court asserts that a virtual currency does not have the same l... (Read More...)",74.695,50.0,0.18337368965148926,76.335,55.00000000000001,0.8447021245956421,2022-06-19
145,Bitcoinist,"Huobi Thailand License Revoked, Crypto Exchange To Shut Operations","Crypto exchange platform, Huobi is winding down its operations in Thailand, according to the statement by the platform. This closure is due on the 1st of July, 2022. The whole process of closing down somehow got aggravated after Huobi got into some trouble with the local watchdog earlier last yea... (Read More...)",50.0,50.0,0.08166730403900146,15.960000000000003,50.354938271604944,0.002878904342651367,2022-06-19
146,crypto.news,Zero-Knowledge Proof Platform zCloak Raises $5.8M in Series a Funding,"zCloak Network, providing services for blockchains, has raised a pre-Series A funding of $5.8 million for expansion. However, Coinbase has been identified as the major investor in the latest funding phase. Coinbase Leads the Funding Round According to reports, Coinbase… (Read More...)",50.0,50.0,9.021753072738647,50.0,60.78125,11.955788731575012,2022-06-19
147,CryptoPotato,Russia: Oil Company Gazpromneft To Launch a Cryptocurrency Mining Operation With Bitriver,Russia is using its CO2 to generate power for a mega mining farm thanks to a partnership between the oil company Gazpromneft and the mining company BitRiver (Read More...),50.0,50.0,1.0189682245254517,72.02,67.5,99.77369606494904,2022-06-19
148,AMBCrypto,Are investors buying the NFT dip? BAYC has the answer,"The current cryptocurrency market remains in a state of chaos. The liquidations are over $200 million on a daily scale again as Bitcoin headed towards the $20k mark. Ethereum, the second-largest coin suffered the same fate. But it looks like investors are buying the dip. And no, it’s not Bitcoin ... (Read More...)",50.0,50.0,1.3407409191131592,27.060000000000002,56.25,0.0067293643951416016,2022-06-19
149,Blockworks,Crypto Platform Matrixport Hires Big-name Coinbase Exec to Build US Business,"Blockworks exclusive: Anthony DeMartino, former head of risk strategies at Coinbase, has joined Matrixport, the company confirmed today The post Crypto Platform Matrixport Hires Big-name Coinbase Exec to Build US Business appeared first on Blockworks. (Read More...)",50.0,50.0,23.40260148048401,42.345,64.375,97.82739281654358,2022-06-19
150,Bitcoin.com,"Value Locked in Defi Slips to $74 Billion, Top Smart Contract Tokens Down Over 70% This Year","Decentralized finance (defi) has been hit hard by the recent crypto market rout as the total value locked (TVL) across 118 different blockchains has slipped below the $100 billion mark to today’s $74.27 billion. The TVL in defi today is down more than 70% from its December 2, 2021, all-time high ... (Read More...)",85.48,59.31216931216932,1.1484533548355103,62.5,54.45486111111111,0.25115907192230225,2022-06-19
151,CryptoGlobe,$DOGE: Elon Musk Hit With $258 Billion ‘Dogecoin Pyramid Scheme’ Lawsuit,"The CEO of electric car maker Tesla and space exploration company SpaceX, Elon Mus, has been hit with a $258 billion lawsuit for being “engaged in a crypto pyramid scheme” involving the meme-inspired cryptocurrency Dogecoin ($DOGE). According to Reuters, a complaint filed in federal court in Manh... (Read More...)",38.685,50.0,0.07688403129577637,35.199999999999996,55.00000000000001,0.011369585990905762,2022-06-19
152,CoinGape,Helium Price Analysis: C&H Pattern Breakout May Soar HNT By 40%,"The Helium(HNT) price has been wobbling between the $12 and $6.65 mark for around five weeks. Furthermore, this consolidation has shaped into a cup and handle pattern with its neckline at $12. A successful breakout would lead the recovery rally to the $16.7 mark. Key points: The HNT price has gai... (Read More...)",50.0,50.0,0.4926532506942749,79.295,70.83333333333334,0.07402598857879639,2022-06-19
153,crypto.news,Crypto vs Fiat: How Crypto Is Driven by Fiat,"Cryptocurrencies are digital assets developed to work like money, powered by blockchain technology, and can never be available in physical form. Fiat is the money that is available in physical form. These types of money have come up as innovative… (Read More...)",50.0,50.0,17.249301075935364,74.695,60.0,1.057770848274231,2022-06-19
154,Feed - Cryptopotato.Com,Indian Crypto Advocacy Body Press for Restoration of Instant Retail Payments Service – UPI (Report),The local crypto-focused organization has sought time for a meeting to discuss the issue and understand the regulator’s concerns. (Read More...),50.0,50.0,0.5003422498703003,50.0,62.5,89.74230885505676,2022-06-19
